{"cameraMode":{"drawMode":0,"name":"Shaded","section":"Shading Mode"},"sceneLighting":true,"audioPlay":false,"sceneViewState":{"showFog":true,"showMaterialUpdate":false,"showSkybox":true,"showFlares":true,"showImageEffects":true,"showParticleSystems":true},"in2DMode":false,"pivot":{"x":250.33425903320313,"y":-96.88003540039063,"z":-148.6910400390625},"rotation":{"x":-0.07767554372549057,"y":0.9202259182929993,"z":-0.23693370819091798,"w":-0.30168408155441286},"size":834.889404296875,"orthographic":false}